hiker,delta_x,delta_y,steps
1,9.801227081123228,18.44441304848967,984291.52175
2,-13.72873882399201,7.821253577007652,991062.39675
3,5.8853866285028715,-2.7560203061202637,1003843.5515
