model,t_classical,p_classical,p_bootstrap,N,B
normal,31.956992210168757,5.083296043284346e-28,0.00024993751562109475,37,4000
exponential,5.080667137528193,1.173899965782245e-05,0.0022494376405898524,37,4000
